member_id,name,date_of_birth,gender,joined_date,height,weight,member_status,total_memberships,total_membership_days,avg_membership_duration_days,last_membership_end_date,latest_membership_status,total_payments,total_amount_paid,total_visits,last_visit,late_attendance_count,total_workout_assignments,completed_workouts,total_class_bookings,attended_classes,progress_records,days_since_last_visit,churn
1,Ahmed Khan,1981-12-09,Male,2026-04-13,184.1,97.5,active,4,296,296,2027-02-03,active,2,20000,11,2026-09-13,2,3,2,13,8,5,9.0,0
2,Huzaifa Ahmed,1981-01-25,Male,2025-05-15,173.1,67.3,active,1,112,112,2025-09-04,active,6,42000,10,2026-09-15,2,14,8,6,4,3,7.0,0
3,Hamza Ali,1987-10-10,Male,2025-10-27,163.0,98.0,active,2,339,339,2026-10-01,active,2,14000,14,2026-08-25,3,5,4,2,2,5,28.0,0
4,Usman Raza,2001-12-26,Male,2026-04-09,164.5,85.2,active,4,276,276,2027-01-10,active,2,14000,11,2026-09-08,1,16,13,10,8,2,14.0,0
5,Bilal Ahmed,1978-10-25,Male,2026-05-14,167.8,68.7,active,3,311,311,2027-03-21,active,2,14000,13,2026-08-22,1,5,3,7,6,5,31.0,0
6,Hassan Ali,1983-12-26,Male,2024-08-23,164.6,89.5,inactive,3,247,247,2025-04-27,expired,6,42000,11,2026-08-01,0,18,17,2,1,1,52.0,1
7,Haris Khan,1980-07-14,Male,2026-07-04,161.1,91.9,inactive,2,100,100,2026-10-12,expired,3,15000,15,2026-09-03,5,1,1,13,11,1,19.0,1
8,Talha Sheikh,1988-09-19,Male,2024-11-17,171.4,64.0,active,2,216,216,2025-06-21,active,3,21000,8,2026-07-26,3,14,12,13,9,8,58.0,0
9,Saad Ahmed,1986-04-21,Male,2026-03-25,168.0,92.5,inactive,1,74,74,2026-06-07,expired,2,14000,10,2026-08-06,0,10,7,12,9,6,47.0,1
10,Abdullah Malik,1974-08-29,Male,2025-04-14,171.7,84.0,active,2,360,360,2026-04-09,active,4,40000,14,2026-09-06,2,7,7,0,0,2,16.0,0
11,Zain Ali,1987-02-03,Male,2025-12-22,180.7,100.8,inactive,1,124,124,2026-04-25,expired,1,3000,10,2026-07-31,3,18,15,12,9,0,53.0,1
12,Danish Raza,1975-03-03,Male,2025-08-28,167.9,64.5,inactive,1,68,68,2025-11-04,expired,6,30000,19,2026-09-17,1,12,10,12,10,7,5.0,1
13,Ahsan Javed,1995-05-22,Male,2025-04-22,159.3,65.4,inactive,3,188,188,2025-10-27,expired,1,5000,12,2026-08-18,1,11,10,13,7,5,35.0,1
14,Fahad Khan,1988-10-14,Male,2026-04-28,166.4,43.7,active,3,195,195,2026-11-09,active,4,20000,14,2026-09-10,3,4,2,7,4,6,12.0,0
15,Owais Ahmed,2006-04-18,Male,2025-07-17,176.9,77.4,inactive,4,122,122,2025-11-16,expired,6,42000,9,2026-08-28,0,5,3,2,2,8,25.0,1
16,Shahzaib Khan,1980-10-01,Male,2026-04-16,176.1,74.9,inactive,3,198,198,2026-10-31,expired,2,14000,14,2026-08-01,2,3,2,1,0,4,52.0,1
17,Muneeb Raza,1977-08-28,Male,2024-09-29,174.7,62.7,inactive,3,140,140,2025-02-16,expired,3,21000,12,2026-07-25,1,18,13,0,0,0,59.0,1
18,Arsalan Ahmed,1979-10-21,Male,2026-03-16,164.4,68.9,active,2,222,222,2026-10-24,active,1,10000,8,2026-09-01,2,19,16,13,8,9,21.0,0
19,Taha Hussain,1995-12-09,Male,2024-10-01,176.8,53.0,active,3,348,348,2025-09-14,active,5,15000,16,2026-08-17,5,0,0,2,1,6,36.0,0
20,Rayyan Ali,2003-06-12,Male,2025-09-19,178.8,85.6,active,4,320,320,2026-08-05,active,5,35000,14,2026-07-31,4,19,14,14,11,4,53.0,0
21,Muzammil Khan,2004-12-16,Male,2024-06-15,163.7,63.6,active,2,290,290,2025-04-01,active,4,12000,11,2026-08-30,1,16,10,1,1,2,23.0,0
22,Abdul Rehman,1976-03-25,Male,2025-08-15,169.6,110.2,active,4,100,100,2025-11-23,active,2,20000,23,2026-09-06,4,11,7,1,1,8,16.0,0
23,Sami Ullah,2005-03-16,Male,2025-03-20,188.2,67.7,active,3,87,87,2025-06-15,active,1,5000,10,2026-07-27,2,14,11,5,4,0,57.0,0
24,Waleed Ahmed,2004-03-31,Male,2025-06-06,163.3,60.1,active,4,194,194,2025-12-17,active,2,14000,8,2026-08-14,0,0,0,11,8,0,39.0,0
25,Shayan Ali,1972-06-28,Male,2024-05-10,154.7,64.6,active,2,260,260,2025-01-25,active,1,3000,12,2026-08-08,2,13,9,0,0,0,45.0,0
26,Affan Raza,1988-03-25,Male,2025-07-04,182.4,51.6,inactive,1,327,327,2026-05-27,expired,4,12000,11,2026-07-31,0,5,3,1,1,2,53.0,1
27,Ahmad Hassan,1978-12-19,Male,2026-01-14,180.2,76.3,active,4,92,92,2026-04-16,active,4,28000,14,2026-08-11,2,4,3,13,8,5,42.0,0
28,Ibrahim Khan,1983-08-10,Male,2025-10-21,165.9,64.5,inactive,4,107,107,2026-02-05,expired,5,25000,12,2026-07-26,1,10,9,5,1,9,58.0,1
29,Adeel Ahmed,2005-05-27,Male,2026-02-14,169.0,84.7,active,2,121,121,2026-06-15,active,2,10000,13,2026-08-14,0,3,1,2,2,2,39.0,0
30,Faisal Raza,1995-01-02,Male,2025-04-21,159.0,66.4,active,2,275,275,2026-01-21,active,6,30000,12,2026-09-08,0,12,9,14,12,7,14.0,0
31,Asad Ali,1989-11-24,Male,2025-09-14,170.8,88.0,inactive,4,352,352,2026-09-01,expired,5,50000,11,2026-08-22,2,10,7,3,3,9,31.0,1
32,Noman Khan,1982-08-07,Male,2026-07-03,180.5,79.8,inactive,3,158,158,2026-12-08,expired,2,6000,13,2026-07-26,1,2,2,0,0,1,58.0,1
33,Usama Javed,1974-08-19,Male,2025-11-14,165.1,70.4,active,4,231,231,2026-07-03,active,5,15000,16,2026-09-17,3,0,0,7,4,8,5.0,0
34,Murtaza Ahmed,1973-09-02,Male,2024-07-07,177.9,90.5,active,2,273,273,2025-04-06,active,6,18000,12,2026-08-18,0,5,4,12,11,2,35.0,0
35,Rafay Khan,1974-12-27,Male,2025-01-10,174.2,82.4,active,1,94,94,2025-04-14,active,3,30000,15,2026-08-30,1,17,17,6,4,4,23.0,0
36,Hammad Raza,1982-01-14,Male,2025-04-06,175.2,108.3,active,1,286,286,2026-01-17,active,3,9000,10,2026-08-24,1,9,5,6,5,9,29.0,0
37,Shehryar Ali,1982-06-05,Male,2026-05-27,165.6,64.7,inactive,3,160,160,2026-11-03,expired,3,30000,10,2026-08-10,2,4,2,2,2,7,43.0,1
38,Umer Farooq,2006-02-15,Male,2025-03-01,166.8,71.0,active,4,190,190,2025-09-07,active,3,15000,6,2026-09-11,0,9,6,9,6,1,11.0,0
39,Kashif Ahmed,1983-08-14,Male,2024-09-11,153.4,90.4,active,1,316,316,2025-07-24,active,1,7000,8,2026-09-04,1,11,6,9,6,5,18.0,0
40,Junaid Khan,1988-10-10,Male,2025-04-05,164.9,49.9,inactive,4,64,64,2025-06-08,expired,3,9000,12,2026-08-06,3,1,1,2,2,4,47.0,1
41,Yasir Malik,2006-01-26,Male,2024-08-24,180.5,87.1,active,2,277,277,2025-05-28,active,6,18000,11,2026-09-10,2,12,11,13,13,9,12.0,0
42,Imran Ahmed,1997-06-03,Male,2024-06-02,161.6,75.7,active,1,314,314,2025-04-12,active,4,20000,18,2026-09-13,1,7,3,1,1,8,9.0,0
43,Saifullah Khan,1994-01-13,Male,2026-01-16,163.0,58.5,active,3,342,342,2026-12-24,active,4,28000,9,2026-09-12,0,1,0,11,6,4,10.0,0
44,Dawood Ali,1997-11-11,Male,2024-09-06,175.8,52.3,inactive,2,266,266,2025-05-30,expired,1,10000,10,2026-07-26,2,19,11,0,0,1,58.0,1
45,Arham Raza,1994-03-29,Male,2025-01-08,173.6,61.3,active,3,74,74,2025-03-23,active,3,21000,10,2026-08-09,0,0,0,6,4,4,44.0,0
46,Ammar Ahmed,1983-10-23,Male,2025-01-04,176.2,40.3,active,2,101,101,2025-04-15,active,3,15000,16,2026-09-05,3,4,3,6,4,3,17.0,0
47,Shoaib Khan,1973-11-08,Male,2025-11-23,159.5,63.6,active,1,238,238,2026-07-19,active,3,15000,14,2026-08-15,2,8,4,11,8,6,38.0,0
48,Rayan Hussain,1986-03-18,Male,2024-04-14,193.1,78.1,inactive,3,122,122,2024-08-14,expired,5,35000,10,2026-09-15,3,16,15,1,1,5,7.0,1
49,Adnan Raza,1977-01-13,Male,2025-03-07,159.1,63.8,inactive,3,290,290,2025-12-22,expired,2,20000,9,2026-08-07,2,8,7,6,3,1,46.0,1
50,Zubair Ahmed,1981-08-16,Male,2026-03-16,171.4,88.0,inactive,2,300,300,2027-01-10,expired,5,50000,6,2026-09-09,4,10,4,12,9,4,13.0,1
51,Ayesha Khan,2000-06-20,Female,2025-03-27,168.6,91.6,active,3,111,111,2025-07-16,active,2,6000,13,2026-08-13,1,14,11,7,6,6,40.0,0
52,Hira Ahmed,1984-02-18,Female,2024-04-27,159.3,86.6,inactive,2,155,155,2024-09-29,expired,3,30000,6,2026-08-11,1,5,4,0,0,6,42.0,1
53,Mahnoor Ali,1997-09-08,Female,2024-10-16,166.7,73.0,active,2,281,281,2025-07-24,active,3,21000,11,2026-09-13,1,2,1,8,8,4,9.0,0
54,Maryam Khan,1994-11-11,Female,2026-07-04,170.2,39.8,active,2,290,290,2027-04-20,active,5,25000,10,2026-08-03,1,16,7,6,6,8,50.0,0
55,Iqra Ahmed,1973-06-22,Female,2026-02-08,164.2,60.9,active,2,296,296,2026-12-01,active,5,15000,16,2026-08-26,2,4,2,2,1,3,27.0,0
56,Maham Raza,1994-05-30,Female,2025-10-24,178.4,68.2,active,1,202,202,2026-05-14,active,2,6000,12,2026-07-26,3,11,5,7,7,2,58.0,0
57,Zoya Ali,1977-10-16,Female,2025-07-02,168.5,58.4,active,2,230,230,2026-02-17,active,4,20000,16,2026-09-20,5,17,15,6,4,3,2.0,0
58,Anam Khan,1982-09-07,Female,2024-12-01,157.9,68.2,active,4,88,88,2025-02-27,active,2,20000,21,2026-09-17,4,13,12,10,8,4,5.0,0
59,Laiba Ahmed,2007-11-14,Female,2025-09-12,157.2,90.9,active,3,95,95,2025-12-16,active,5,25000,16,2026-08-24,2,10,5,14,11,5,29.0,0
60,Minal Raza,2002-03-06,Female,2026-07-11,175.5,48.6,inactive,4,72,72,2026-09-21,expired,6,60000,11,2026-08-16,1,8,4,12,10,2,37.0,1
61,Sana Ali,2002-10-26,Female,2025-11-25,156.6,93.6,active,1,219,219,2026-07-02,active,5,25000,7,2026-08-15,1,1,0,7,6,1,38.0,0
62,Areeba Khan,2001-03-22,Female,2024-06-08,172.8,81.5,active,4,246,246,2025-02-09,active,6,42000,11,2026-09-03,0,11,6,5,3,3,19.0,0
63,Mehwish Ahmed,2004-05-19,Female,2025-08-13,174.0,73.5,active,3,302,302,2026-06-11,active,1,10000,9,2026-09-14,0,2,2,8,7,4,8.0,0
64,Eman Raza,1977-10-16,Female,2025-01-06,161.0,60.7,inactive,4,145,145,2025-05-31,expired,5,35000,6,2026-08-05,0,2,1,14,10,3,48.0,1
65,Aleena Khan,1991-10-23,Female,2025-08-19,178.0,58.6,active,1,343,343,2026-07-28,active,1,3000,14,2026-08-08,1,0,0,4,3,2,45.0,0
66,Kinza Ali,1997-12-23,Female,2026-04-24,154.5,48.9,active,2,125,125,2026-08-27,active,4,20000,18,2026-09-21,1,7,4,2,1,7,1.0,0
67,Alishba Ahmed,1980-11-04,Female,2025-07-23,172.7,92.3,inactive,4,229,229,2026-03-09,expired,2,6000,9,2026-08-31,0,7,5,2,1,9,22.0,1
68,Rabia Khan,2005-02-22,Female,2025-04-26,169.6,90.0,inactive,1,104,104,2025-08-08,expired,6,18000,13,2026-08-01,0,10,6,0,0,3,52.0,1
69,Komal Raza,1982-10-16,Female,2025-05-23,168.9,51.7,active,1,121,121,2025-09-21,active,2,6000,14,2026-09-05,0,8,7,11,9,1,17.0,0
70,Sidra Ahmed,1996-12-07,Female,2025-03-03,159.4,62.8,inactive,3,193,193,2025-09-12,expired,1,3000,14,2026-09-15,5,4,2,14,13,1,7.0,1
71,Amna Ali,1988-09-17,Female,2024-06-09,161.6,75.6,active,3,343,343,2025-05-18,active,6,30000,13,2026-08-28,1,13,11,7,6,0,25.0,0
72,Saira Khan,2002-03-19,Female,2026-06-20,184.6,66.1,active,4,87,87,2026-09-15,active,2,6000,7,2026-08-08,0,2,2,1,1,3,45.0,0
73,Nimra Ahmed,1999-11-14,Female,2025-12-31,180.9,45.1,active,2,167,167,2026-06-16,active,5,25000,6,2026-09-18,1,4,2,2,2,9,4.0,0
74,Aiman Raza,2002-11-18,Female,2026-05-05,176.7,61.4,active,1,103,103,2026-08-16,active,3,15000,8,2026-08-17,0,4,3,7,5,8,36.0,0
75,Hania Ali,2004-01-27,Female,2025-01-09,178.5,95.4,active,4,345,345,2025-12-20,active,1,7000,10,2026-09-16,3,18,17,13,9,6,6.0,0
76,Mishal Khan,1989-10-12,Female,2025-07-02,177.6,62.3,inactive,1,187,187,2026-01-05,expired,2,20000,14,2026-07-24,3,13,12,7,6,9,60.0,1
77,Sumbul Ahmed,2007-09-30,Female,2026-07-23,167.1,67.9,active,1,290,290,2027-05-09,active,1,10000,19,2026-08-22,1,3,2,13,9,6,31.0,0
78,Sehrish Raza,2001-08-10,Female,2025-06-30,170.4,55.1,active,2,249,249,2026-03-06,active,1,5000,9,2026-09-03,1,12,8,10,9,6,19.0,0
79,Mariam Ali,1981-08-11,Female,2025-01-05,156.7,77.6,active,2,284,284,2025-10-16,active,6,42000,18,2026-08-09,4,9,9,3,3,7,44.0,0
80,Dua Khan,1971-10-30,Female,2026-04-10,169.2,71.5,active,4,342,342,2027-03-18,active,6,30000,12,2026-07-30,3,17,13,3,2,0,54.0,0
81,Anaya Ahmed,1974-02-14,Female,2024-06-13,180.7,60.4,inactive,2,180,180,2024-12-10,expired,3,15000,13,2026-08-14,1,7,3,4,3,9,39.0,1
82,Inaya Raza,1997-01-01,Female,2024-04-24,164.1,53.0,active,2,175,175,2024-10-16,active,5,25000,14,2026-08-26,2,7,7,5,3,9,27.0,0
83,Rida Khan,1998-07-03,Female,2025-04-04,179.2,88.3,active,4,292,292,2026-01-21,active,1,7000,16,2026-09-12,1,6,3,4,3,7,10.0,0
84,Arooba Ali,2001-12-23,Female,2024-08-21,170.8,49.1,active,2,318,318,2025-07-05,active,2,20000,9,2026-08-27,4,7,5,13,11,3,26.0,0
85,Maham Noor,1995-08-11,Female,2025-06-18,157.5,76.5,active,3,257,257,2026-03-02,active,4,28000,9,2026-09-03,0,13,6,14,9,3,19.0,0
86,Kiran Ahmed,1991-11-25,Female,2024-07-25,160.0,42.0,active,1,196,196,2025-02-06,active,1,3000,10,2026-08-14,3,18,8,6,4,3,39.0,0
87,Zainab Raza,2007-03-20,Female,2025-01-15,178.3,79.2,active,1,224,224,2025-08-27,active,1,7000,11,2026-09-19,2,5,3,1,1,5,3.0,0
88,Sadia Khan,1984-01-19,Female,2026-02-13,175.0,82.6,inactive,1,284,284,2026-11-24,expired,3,21000,10,2026-08-08,1,0,0,6,5,6,45.0,1
89,Nadia Ali,2001-01-18,Female,2026-01-04,170.9,84.2,inactive,1,293,293,2026-10-24,expired,5,35000,12,2026-09-09,1,14,8,9,7,5,13.0,1
90,Iram Ahmed,1994-08-21,Female,2025-10-28,167.5,67.9,active,4,231,231,2026-06-16,active,4,28000,11,2026-08-03,0,0,0,6,5,0,50.0,0
91,Saba Raza,1973-12-06,Female,2024-04-30,171.9,90.6,active,1,211,211,2024-11-27,active,6,60000,13,2026-08-25,0,16,8,0,0,7,28.0,0
92,Bushra Khan,1988-01-14,Female,2025-10-27,177.9,100.0,active,1,219,219,2026-06-03,active,6,18000,7,2026-07-26,0,0,0,6,3,9,58.0,0
93,Madiha Ali,2001-04-17,Female,2025-04-25,183.3,65.8,active,1,155,155,2025-09-27,active,2,20000,13,2026-09-02,0,14,14,4,4,6,20.0,0
94,Nashmia Ahmed,1990-12-04,Female,2025-04-19,183.7,64.1,active,1,292,292,2026-02-05,active,4,40000,13,2026-08-25,2,1,1,2,0,5,28.0,0
95,Samina Raza,1976-09-14,Female,2024-07-28,173.3,71.9,active,3,239,239,2025-03-24,active,6,42000,14,2026-09-14,1,13,10,12,9,5,8.0,0
96,Fiza Khan,1998-06-30,Female,2025-11-15,168.5,63.8,active,1,172,172,2026-05-06,active,2,10000,9,2026-08-12,0,7,6,2,2,4,41.0,0
97,Alina Ahmed,1981-12-31,Female,2024-08-22,171.3,61.9,inactive,3,111,111,2024-12-11,expired,5,25000,12,2026-08-14,4,7,5,3,2,5,39.0,1
98,Tooba Raza,1997-10-16,Female,2025-10-02,174.7,63.0,active,4,327,327,2026-08-25,active,2,20000,11,2026-09-21,3,18,9,12,7,8,1.0,0
99,Sania Ali,1980-06-24,Female,2024-07-30,174.7,92.3,inactive,2,354,354,2025-07-19,expired,6,60000,7,2026-09-19,2,6,3,11,7,9,3.0,1
100,Areej Khan,2002-02-27,Female,2024-08-04,181.8,80.0,active,1,172,172,2025-01-23,active,3,21000,20,2026-09-09,7,18,11,1,0,8,13.0,0
